<annotation>
	<folder>MexicanCowboEvent</folder>
	<filename>Momentmexicancowboystoppedarmedrobbery-BBCNews(27).jpg</filename>
	<path>C:\Users\joshu\OneDrive\Desktop\UCLA\DSU\Socian Project\DSU-Client-Socian-Project\MexicanCowboEvent\Momentmexicancowboystoppedarmedrobbery-BBCNews(27).jpg</path>
	<source>
		<database>Unknown</database>
	</source>
	<size>
		<width>1280</width>
		<height>720</height>
		<depth>3</depth>
	</size>
	<segmented>0</segmented>
	<object>
		<name>Person holding gun</name>
		<pose>Unspecified</pose>
		<truncated>0</truncated>
		<difficult>0</difficult>
		<bndbox>
			<xmin>547</xmin>
			<ymin>198</ymin>
			<xmax>831</xmax>
			<ymax>596</ymax>
		</bndbox>
	</object>
</annotation>
