<annotation>
	<folder>PoliceCCTVPhilly</folder>
	<filename>PolicereleaseCCTVshowingPhiladelphiashooting(10).jpg</filename>
	<path>C:\Users\joshu\OneDrive\Desktop\UCLA\DSU\Socian Project\DSU-Client-Socian-Project\PoliceCCTVPhilly\PolicereleaseCCTVshowingPhiladelphiashooting(10).jpg</path>
	<source>
		<database>Unknown</database>
	</source>
	<size>
		<width>624</width>
		<height>352</height>
		<depth>3</depth>
	</size>
	<segmented>0</segmented>
	<object>
		<name>Person holding gun</name>
		<pose>Unspecified</pose>
		<truncated>0</truncated>
		<difficult>0</difficult>
		<bndbox>
			<xmin>460</xmin>
			<ymin>28</ymin>
			<xmax>546</xmax>
			<ymax>204</ymax>
		</bndbox>
	</object>
</annotation>
