<annotation>
	<folder>RobberPelletGunImages</folder>
	<filename>CCTV Robbers shoot man in the eyes with pellet gun (6).jpg</filename>
	<path>/Users/debbieryu/Desktop/DSU/Socian/RobberPelletGunImages/CCTV Robbers shoot man in the eyes with pellet gun (6).jpg</path>
	<source>
		<database>Unknown</database>
	</source>
	<size>
		<width>1280</width>
		<height>720</height>
		<depth>3</depth>
	</size>
	<segmented>0</segmented>
	<object>
		<name>person holding gun</name>
		<pose>Unspecified</pose>
		<truncated>0</truncated>
		<difficult>0</difficult>
		<bndbox>
			<xmin>370</xmin>
			<ymin>260</ymin>
			<xmax>621</xmax>
			<ymax>717</ymax>
		</bndbox>
	</object>
</annotation>
