<annotation>
	<folder>Whitehouse</folder>
	<filename>WhiteHouseShootingSecretServiceShootGun-wieldingMan[CAUGHTONTAPE](309).jpg</filename>
	<path>C:/Users/joshu/OneDrive/Desktop/UCLA/DSU/Socian Project/DSU-Client-Socian-Project/Whitehouse/WhiteHouseShootingSecretServiceShootGun-wieldingMan[CAUGHTONTAPE](309).jpg</path>
	<source>
		<database>Unknown</database>
	</source>
	<size>
		<width>1280</width>
		<height>720</height>
		<depth>3</depth>
	</size>
	<segmented>0</segmented>
	<object>
		<name>person holding gun</name>
		<pose>Unspecified</pose>
		<truncated>0</truncated>
		<difficult>0</difficult>
		<bndbox>
			<xmin>333</xmin>
			<ymin>15</ymin>
			<xmax>469</xmax>
			<ymax>274</ymax>
		</bndbox>
	</object>
</annotation>
