<annotation>
	<folder>Images</folder>
	<filename>CNN has obtained videos from inside the Westgate Mall (135).jpg</filename>
	<path>/Users/debbieryu/Desktop/DSU/Socian/Images/CNN has obtained videos from inside the Westgate Mall (135).jpg</path>
	<source>
		<database>Unknown</database>
	</source>
	<size>
		<width>1280</width>
		<height>720</height>
		<depth>3</depth>
	</size>
	<segmented>0</segmented>
	<object>
		<name>person holding gun</name>
		<pose>Unspecified</pose>
		<truncated>0</truncated>
		<difficult>0</difficult>
		<bndbox>
			<xmin>478</xmin>
			<ymin>300</ymin>
			<xmax>716</xmax>
			<ymax>657</ymax>
		</bndbox>
	</object>
</annotation>
