<annotation>
	<folder>Kenya</folder>
	<filename>KenyaAttackSecurityFootageShowsAl-ShababGunmenEnteringNairobiHotel(50).jpg</filename>
	<path>C:\Users\joshu\OneDrive\Desktop\UCLA\DSU\Socian Project\DSU-Client-Socian-Project\Kenya\KenyaAttackSecurityFootageShowsAl-ShababGunmenEnteringNairobiHotel(50).jpg</path>
	<source>
		<database>Unknown</database>
	</source>
	<size>
		<width>1280</width>
		<height>720</height>
		<depth>3</depth>
	</size>
	<segmented>0</segmented>
	<object>
		<name>person holding gun</name>
		<pose>Unspecified</pose>
		<truncated>0</truncated>
		<difficult>0</difficult>
		<bndbox>
			<xmin>1132</xmin>
			<ymin>384</ymin>
			<xmax>1206</xmax>
			<ymax>523</ymax>
		</bndbox>
	</object>
	<object>
		<name>person holding gun</name>
		<pose>Unspecified</pose>
		<truncated>0</truncated>
		<difficult>0</difficult>
		<bndbox>
			<xmin>1205</xmin>
			<ymin>382</ymin>
			<xmax>1271</xmax>
			<ymax>483</ymax>
		</bndbox>
	</object>
</annotation>
