<annotation>
	<folder>Kenya</folder>
	<filename>KenyaAttackSecurityFootageShowsAl-ShababGunmenEnteringNairobiHotel(4).jpg</filename>
	<path>C:\Users\joshu\OneDrive\Desktop\UCLA\DSU\Socian Project\DSU-Client-Socian-Project\Kenya\KenyaAttackSecurityFootageShowsAl-ShababGunmenEnteringNairobiHotel(4).jpg</path>
	<source>
		<database>Unknown</database>
	</source>
	<size>
		<width>1280</width>
		<height>720</height>
		<depth>3</depth>
	</size>
	<segmented>0</segmented>
	<object>
		<name>person holding gun</name>
		<pose>Unspecified</pose>
		<truncated>0</truncated>
		<difficult>0</difficult>
		<bndbox>
			<xmin>261</xmin>
			<ymin>211</ymin>
			<xmax>338</xmax>
			<ymax>369</ymax>
		</bndbox>
	</object>
	<object>
		<name>person holding gun</name>
		<pose>Unspecified</pose>
		<truncated>0</truncated>
		<difficult>0</difficult>
		<bndbox>
			<xmin>531</xmin>
			<ymin>228</ymin>
			<xmax>632</xmax>
			<ymax>381</ymax>
		</bndbox>
	</object>
	<object>
		<name>person holding gun</name>
		<pose>Unspecified</pose>
		<truncated>0</truncated>
		<difficult>0</difficult>
		<bndbox>
			<xmin>582</xmin>
			<ymin>137</ymin>
			<xmax>661</xmax>
			<ymax>277</ymax>
		</bndbox>
	</object>
</annotation>
