<annotation>
	<folder>Kenya</folder>
	<filename>KenyaAttackSecurityFootageShowsAl-ShababGunmenEnteringNairobiHotel(7).jpg</filename>
	<path>C:\Users\joshu\OneDrive\Desktop\UCLA\DSU\Socian Project\DSU-Client-Socian-Project\Kenya\KenyaAttackSecurityFootageShowsAl-ShababGunmenEnteringNairobiHotel(7).jpg</path>
	<source>
		<database>Unknown</database>
	</source>
	<size>
		<width>1280</width>
		<height>720</height>
		<depth>3</depth>
	</size>
	<segmented>0</segmented>
	<object>
		<name>person holding gun</name>
		<pose>Unspecified</pose>
		<truncated>0</truncated>
		<difficult>0</difficult>
		<bndbox>
			<xmin>341</xmin>
			<ymin>264</ymin>
			<xmax>433</xmax>
			<ymax>435</ymax>
		</bndbox>
	</object>
	<object>
		<name>person holding gun</name>
		<pose>Unspecified</pose>
		<truncated>0</truncated>
		<difficult>0</difficult>
		<bndbox>
			<xmin>601</xmin>
			<ymin>301</ymin>
			<xmax>697</xmax>
			<ymax>482</ymax>
		</bndbox>
	</object>
	<object>
		<name>person holding gun</name>
		<pose>Unspecified</pose>
		<truncated>0</truncated>
		<difficult>0</difficult>
		<bndbox>
			<xmin>622</xmin>
			<ymin>179</ymin>
			<xmax>696</xmax>
			<ymax>323</ymax>
		</bndbox>
	</object>
</annotation>
