<annotation>
	<folder>Kenya</folder>
	<filename>KenyaAttackSecurityFootageShowsAl-ShababGunmenEnteringNairobiHotel(13).jpg</filename>
	<path>C:\Users\joshu\OneDrive\Desktop\UCLA\DSU\Socian Project\DSU-Client-Socian-Project\Kenya\KenyaAttackSecurityFootageShowsAl-ShababGunmenEnteringNairobiHotel(13).jpg</path>
	<source>
		<database>Unknown</database>
	</source>
	<size>
		<width>1280</width>
		<height>720</height>
		<depth>3</depth>
	</size>
	<segmented>0</segmented>
	<object>
		<name>person holding gun</name>
		<pose>Unspecified</pose>
		<truncated>0</truncated>
		<difficult>0</difficult>
		<bndbox>
			<xmin>489</xmin>
			<ymin>242</ymin>
			<xmax>616</xmax>
			<ymax>504</ymax>
		</bndbox>
	</object>
	<object>
		<name>person holding gun</name>
		<pose>Unspecified</pose>
		<truncated>0</truncated>
		<difficult>0</difficult>
		<bndbox>
			<xmin>765</xmin>
			<ymin>274</ymin>
			<xmax>913</xmax>
			<ymax>483</ymax>
		</bndbox>
	</object>
	<object>
		<name>person holding gun</name>
		<pose>Unspecified</pose>
		<truncated>0</truncated>
		<difficult>0</difficult>
		<bndbox>
			<xmin>671</xmin>
			<ymin>45</ymin>
			<xmax>793</xmax>
			<ymax>269</ymax>
		</bndbox>
	</object>
</annotation>
